,Id,Fecha,Anio,Mes,Dia,Victima_Fatal,Victima_Movilidad,Sexo,Edad
0,20160001,2016-01-01,2016,1,1,CONDUCTOR,MOTO,MASCULINO,19
1,20160002,2016-01-02,2016,1,2,CONDUCTOR,AUTO,MASCULINO,70
2,20160003,2016-01-03,2016,1,3,CONDUCTOR,MOTO,MASCULINO,30
3,20160004,2016-01-10,2016,1,10,CONDUCTOR,MOTO,MASCULINO,18
4,20160005,2016-01-21,2016,1,21,CONDUCTOR,MOTO,MASCULINO,29
5,20160008,2016-01-24,2016,1,24,CONDUCTOR,MOTO,MASCULINO,30
6,20160009,2016-01-24,2016,1,24,PASAJERO_ACOMPAÑANTE,MOTO,MASCULINO,29
7,20160010,2016-01-29,2016,1,29,CONDUCTOR,MOTO,MASCULINO,18
8,20160012,2016-02-08,2016,2,8,CONDUCTOR,MOTO,MASCULINO,22
9,20160013,2016-02-10,2016,2,10,PEATON,PEATON,MASCULINO,16
10,20160015,2016-02-14,2016,2,14,PEATON,PEATON,FEMENINO,16
11,20160016,2016-02-14,2016,2,14,PASAJERO_ACOMPAÑANTE,MOTO,FEMENINO,19
12,20160017,2016-02-15,2016,2,15,PEATON,PEATON,MASCULINO,59
13,20160019,2016-02-17,2016,2,17,PEATON,PEATON,FEMENINO,65
14,20160020,2016-02-17,2016,2,17,PEATON,PEATON,MASCULINO,59
15,20160021,2016-02-17,2016,2,17,CONDUCTOR,AUTO,MASCULINO,34
16,20160022,2016-02-21,2016,2,21,PASAJERO_ACOMPAÑANTE,MOTO,MASCULINO,41
17,20160025,2016-02-28,2016,2,28,PASAJERO_ACOMPAÑANTE,AUTO,MASCULINO,34
18,20160026,2016-02-28,2016,2,28,CONDUCTOR,AUTO,MASCULINO,30
19,20160027,2016-02-28,2016,2,28,PASAJERO_ACOMPAÑANTE,AUTO,MASCULINO,34
20,20160028,2016-03-02,2016,3,2,PEATON,PEATON,MASCULINO,50
21,20160029,2016-03-04,2016,3,4,PEATON,PEATON,MASCULINO,38
22,20160031,2016-03-08,2016,3,8,CONDUCTOR,MOTO,MASCULINO,21
23,20160034,2016-03-12,2016,3,12,PEATON,PEATON,MASCULINO,52
24,20160035,2016-03-13,2016,3,13,CONDUCTOR,MOTO,MASCULINO,34
25,20160036,2016-03-14,2016,3,14,PASAJERO_ACOMPAÑANTE,MOTO,MASCULINO,36
26,20160037,2016-03-19,2016,3,19,CONDUCTOR,MOTO,MASCULINO,20
27,20160038,2016-03-21,2016,3,21,PEATON,PEATON,MASCULINO,29
28,20160039,2016-03-23,2016,3,23,CONDUCTOR,MOTO,MASCULINO,20
29,20160041,2016-03-29,2016,3,29,CONDUCTOR,MOTO,MASCULINO,54
30,20160041,2016-03-29,2016,3,29,PASAJERO_ACOMPAÑANTE,MOTO,MASCULINO,SD
31,20160043,2016-03-30,2016,3,30,PEATON,PEATON,FEMENINO,56
32,20160044,2016-03-31,2016,3,31,CONDUCTOR,MOTO,MASCULINO,24
33,20160045,2016-04-11,2016,4,11,CONDUCTOR,MOTO,MASCULINO,SD
34,20160047,2016-04-15,2016,4,15,PEATON,PEATON,MASCULINO,41
35,20160048,2016-04-15,2016,4,15,PEATON,PEATON,FEMENINO,SD
36,20160049,2016-04-17,2016,4,17,SD,SD,SD,SD
37,20160050,2016-04-19,2016,4,19,PEATON,PEATON,MASCULINO,78
38,20160051,2016-04-20,2016,4,20,CONDUCTOR,MOTO,MASCULINO,36
39,20160052,2016-04-20,2016,4,20,SD,MOTO,SD,SD
40,20160053,2016-04-22,2016,4,22,PEATON,PEATON,MASCULINO,38
41,20160054,2016-04-23,2016,4,23,CONDUCTOR,MOTO,MASCULINO,30
42,20160055,2016-04-25,2016,4,25,PEATON,PEATON,MASCULINO,79
43,20160056,2016-04-26,2016,4,26,CONDUCTOR,MOTO,MASCULINO,26
44,20160058,2016-05-04,2016,5,4,PEATON,PEATON,FEMENINO,57
45,20160059,2016-05-08,2016,5,8,PEATON,PEATON,MASCULINO,37
46,20160064,2016-05-14,2016,5,14,PEATON,PEATON,MASCULINO,20
47,20160065,2016-05-20,2016,5,20,PEATON,PEATON,MASCULINO,20
48,20160067,2016-05-21,2016,5,21,PASAJERO_ACOMPAÑANTE,MOTO,FEMENINO,30
49,20160068,2016-05-22,2016,5,22,CONDUCTOR,MOTO,MASCULINO,58
50,20160069,2016-05-23,2016,5,23,CONDUCTOR,AUTO,MASCULINO,30
51,20160073,2016-06-11,2016,6,11,CONDUCTOR,MOTO,MASCULINO,23
52,20160074,2016-06-12,2016,6,12,CONDUCTOR,AUTO,MASCULINO,60
53,20160075,2016-06-12,2016,6,12,PEATON,PEATON,MASCULINO,42
54,20160076,2016-06-13,2016,6,13,PEATON,PEATON,FEMENINO,53
55,20160077,2016-06-13,2016,6,13,PEATON,PEATON,FEMENINO,SD
56,20160078,2016-06-13,2016,6,13,CONDUCTOR,MOTO,MASCULINO,30
57,20160079,2016-06-16,2016,6,16,CONDUCTOR,AUTO,FEMENINO,51
58,20160080,2016-06-18,2016,6,18,CONDUCTOR,AUTO,MASCULINO,60
59,20160081,2016-06-22,2016,6,22,CONDUCTOR,MOTO,MASCULINO,40
60,20160082,2016-06-27,2016,6,27,PEATON,PEATON,MASCULINO,87
61,20160083,2016-06-28,2016,6,28,PEATON,PEATON,FEMENINO,76
62,20160084,2016-06-29,2016,6,29,PEATON,PEATON,MASCULINO,57
63,20160085,2016-06-29,2016,6,29,SD,MOTO,MASCULINO,SD
64,20160086,2016-06-30,2016,6,30,PEATON,PEATON,MASCULINO,75
65,20160087,2016-07-03,2016,7,3,CONDUCTOR,MOTO,MASCULINO,23
66,20160088,2016-07-11,2016,7,11,PEATON,PEATON,FEMENINO,70
67,20160089,2016-07-14,2016,7,14,PEATON,PEATON,MASCULINO,35
68,20160090,2016-07-14,2016,7,14,PEATON,PEATON,MASCULINO,60
69,20160092,2016-07-15,2016,7,15,CONDUCTOR,MOTO,MASCULINO,24
70,20160093,2016-07-17,2016,7,17,CONDUCTOR,AUTO,MASCULINO,35
71,20160095,2016-07-23,2016,7,23,CONDUCTOR,MOTO,MASCULINO,29
72,20160096,2016-07-25,2016,7,25,CONDUCTOR,MOTO,MASCULINO,SD
73,20160097,2016-07-26,2016,7,26,PEATON,PEATON,MASCULINO,80
74,20160098,2016-07-27,2016,7,27,CONDUCTOR,MOTO,FEMENINO,43
75,20160099,2016-07-29,2016,7,29,CONDUCTOR,CARGAS,MASCULINO,45
76,20160100,2016-08-03,2016,8,3,CONDUCTOR,MOTO,MASCULINO,57
77,20160101,2016-08-07,2016,8,7,SD,SD,MASCULINO,67
78,20160102,2016-08-10,2016,8,10,CONDUCTOR,MOTO,MASCULINO,29
79,20160104,2016-08-14,2016,8,14,CONDUCTOR,MOTO,MASCULINO,21
80,20160105,2016-08-17,2016,8,17,PEATON,PEATON,MASCULINO,19
81,20160106,2016-08-19,2016,8,19,PEATON,PEATON,MASCULINO,38
82,20160107,2016-08-20,2016,8,20,CONDUCTOR,MOTO,MASCULINO,21
83,20160109,2016-08-24,2016,8,24,CONDUCTOR,AUTO,FEMENINO,53
84,20160110,2016-08-24,2016,8,24,PEATON,PEATON,MASCULINO,57
85,20160111,2016-08-25,2016,8,25,CONDUCTOR,MOTO,MASCULINO,27
86,20160112,2016-08-27,2016,8,27,CONDUCTOR,MOTO,MASCULINO,24
87,20160113,2016-08-27,2016,8,27,PEATON,PEATON,FEMENINO,60
88,20160114,2016-08-31,2016,8,31,CICLISTA,BICICLETA,FEMENINO,55
89,20160115,2016-09-02,2016,9,2,SD,SD,MASCULINO,SD
90,20160116,2016-09-02,2016,9,2,CONDUCTOR,MOTO,MASCULINO,30
91,20160117,2016-09-03,2016,9,3,CONDUCTOR,AUTO,MASCULINO,43
92,20160118,2016-09-04,2016,9,4,CONDUCTOR,AUTO,MASCULINO,27
93,20160119,2016-09-04,2016,9,4,PASAJERO_ACOMPAÑANTE,SD,FEMENINO,SD
94,20160122,2016-09-13,2016,9,13,CICLISTA,BICICLETA,MASCULINO,49
95,20160123,2016-09-14,2016,9,14,CONDUCTOR,MOTO,FEMENINO,58
96,20160124,2016-09-16,2016,9,16,PEATON,PEATON,MASCULINO,67
97,20160125,2016-09-17,2016,9,17,CONDUCTOR,MOTO,MASCULINO,30
98,20160126,2016-09-18,2016,9,18,CONDUCTOR,AUTO,MASCULINO,37
99,20160126,2016-09-18,2016,9,18,PASAJERO_ACOMPAÑANTE,AUTO,MASCULINO,60
100,20160127,2016-09-24,2016,9,24,PEATON,PEATON,MASCULINO,50
101,20160128,2016-10-02,2016,10,2,PEATON,PEATON,FEMENINO,81
102,20160130,2016-10-04,2016,10,4,CONDUCTOR,MOTO,MASCULINO,29
103,20160131,2016-10-09,2016,10,9,PEATON,PEATON,MASCULINO,35
104,20160132,2016-10-10,2016,10,10,PASAJERO_ACOMPAÑANTE,AUTO,MASCULINO,30
105,20160133,2016-10-14,2016,10,14,CONDUCTOR,MOTO,MASCULINO,41
106,20160134,2016-10-23,2016,10,23,CONDUCTOR,MOTO,MASCULINO,25
107,20160135,2016-10-24,2016,10,24,PEATON,PEATON,MASCULINO,29
108,20160136,2016-10-25,2016,10,25,CONDUCTOR,MOTO,SD,SD
109,20160137,2016-10-25,2016,10,25,CONDUCTOR,MOTO,MASCULINO,30
110,20160138,2016-10-27,2016,10,27,CICLISTA,BICICLETA,FEMENINO,33
111,20160139,2016-10-28,2016,10,28,PASAJERO_ACOMPAÑANTE,MOTO,FEMENINO,35
112,20160140,2016-10-31,2016,10,31,PASAJERO_ACOMPAÑANTE,PASAJEROS,MASCULINO,20
113,20160142,2016-11-05,2016,11,5,CONDUCTOR,MOTO,MASCULINO,46
114,20160143,2016-11-06,2016,11,6,CONDUCTOR,MOTO,MASCULINO,35
115,20160144,2016-11-07,2016,11,7,PEATON,PEATON,MASCULINO,83
116,20160145,2016-11-07,2016,11,7,CONDUCTOR,MOTO,MASCULINO,39
117,20160146,2016-11-09,2016,11,9,PEATON,PEATON,FEMENINO,29
118,20160147,2016-11-16,2016,11,16,PASAJERO_ACOMPAÑANTE,MOVIL,MASCULINO,55
119,20160148,2016-11-16,2016,11,16,CONDUCTOR,MOTO,MASCULINO,SD
120,20160150,2016-11-18,2016,11,18,PASAJERO_ACOMPAÑANTE,CARGAS,MASCULINO,41
121,20160151,2016-11-18,2016,11,18,PEATON,PEATON,SD,SD
122,20160152,2016-11-23,2016,11,23,CONDUCTOR,MOTO,MASCULINO,42
123,20160153,2016-11-25,2016,11,25,PEATON,PEATON,FEMENINO,83
124,20160154,2016-11-26,2016,11,26,CONDUCTOR,MOTO,MASCULINO,38
125,20160155,2016-11-26,2016,11,26,PEATON,PEATON,FEMENINO,29
126,20160156,2016-11-26,2016,11,26,CONDUCTOR,MOTO,MASCULINO,23
127,20160157,2016-12-03,2016,12,3,CONDUCTOR,MOTO,MASCULINO,23
128,20160159,2016-12-04,2016,12,4,CONDUCTOR,AUTO,MASCULINO,23
129,20160160,2016-12-06,2016,12,6,CONDUCTOR,CARGAS,MASCULINO,29
130,20160161,2016-12-06,2016,12,6,PEATON,PEATON,MASCULINO,50
131,20160162,2016-12-07,2016,12,7,PEATON,PEATON,MASCULINO,38
132,20160163,2016-12-10,2016,12,10,CONDUCTOR,MOTO,MASCULINO,23
133,20160164,2016-12-11,2016,12,11,CONDUCTOR,AUTO,MASCULINO,29
134,20160165,2016-12-12,2016,12,12,CICLISTA,BICICLETA,MASCULINO,37
135,20160168,2016-12-13,2016,12,13,CONDUCTOR,MOTO,MASCULINO,43
136,20160169,2016-12-15,2016,12,15,CONDUCTOR,MOTO,MASCULINO,24
137,20160170,2016-12-19,2016,12,19,PASAJERO_ACOMPAÑANTE,MOTO,MASCULINO,21
138,20160171,2016-12-25,2016,12,25,CONDUCTOR,MOTO,SD,SD
139,20160172,2016-12-26,2016,12,26,CONDUCTOR,MOTO,MASCULINO,38
140,20160173,2016-12-26,2016,12,26,CONDUCTOR,MOTO,MASCULINO,35
141,20160174,2016-12-27,2016,12,27,SD,SD,SD,SD
142,20160175,2016-12-27,2016,12,27,PEATON,PEATON,FEMENINO,SD
143,20160176,2016-12-28,2016,12,28,CONDUCTOR,MOTO,MASCULINO,28
144,20160177,2016-12-29,2016,12,29,PEATON,PEATON,FEMENINO,27
145,20160178,2016-12-30,2016,12,30,PEATON,PEATON,FEMENINO,7
146,20170001,2017-01-02,2017,1,2,CONDUCTOR,MOTO,MASCULINO,18
147,20170003,2017-01-05,2017,1,5,PASAJERO_ACOMPAÑANTE,CARGAS,MASCULINO,33
148,20170007,2017-01-11,2017,1,11,PEATON,PEATON,MASCULINO,48
149,20170008,2017-01-16,2017,1,16,CONDUCTOR,MOTO,MASCULINO,29
150,20170009,2017-01-16,2017,1,16,CONDUCTOR,MOTO,MASCULINO,36
151,20170010,2017-01-16,2017,1,16,CONDUCTOR,MOTO,MASCULINO,23
152,20170011,2017-01-22,2017,1,22,PASAJERO_ACOMPAÑANTE,MOTO,FEMENINO,29
153,20170012,2017-01-24,2017,1,24,CONDUCTOR,MOTO,MASCULINO,30
154,20170013,2017-01-27,2017,1,27,PEATON,PEATON,MASCULINO,4
155,20170014,2017-01-28,2017,1,28,PASAJERO_ACOMPAÑANTE,MOTO,FEMENINO,22
156,20170015,2017-02-02,2017,2,2,PEATON,PEATON,MASCULINO,82
157,20170016,2017-02-03,2017,2,3,CONDUCTOR,MOTO,MASCULINO,27
158,20170017,2017-02-06,2017,2,6,CONDUCTOR,MOTO,MASCULINO,32
159,20170018,2017-02-09,2017,2,9,CONDUCTOR,MOTO,MASCULINO,30
160,20170021,2017-02-18,2017,2,18,CONDUCTOR,MOTO,MASCULINO,43
161,20170024,2017-02-23,2017,2,23,PEATON,PEATON,MASCULINO,39
162,20170025,2017-02-24,2017,2,24,CONDUCTOR,MOTO,MASCULINO,23
163,20170026,2017-02-26,2017,2,26,PASAJERO_ACOMPAÑANTE,AUTO,FEMENINO,23
164,20170026,2017-02-26,2017,2,26,CONDUCTOR,AUTO,MASCULINO,19
165,20170027,2017-02-26,2017,2,26,PEATON,PEATON,MASCULINO,SD
166,20170028,2017-02-28,2017,2,28,PEATON,PEATON,MASCULINO,87
167,20170029,2017-03-07,2017,3,7,SD,SD,MASCULINO,34
168,20170030,2017-03-07,2017,3,7,CONDUCTOR,AUTO,FEMENINO,27
169,20170031,2017-03-11,2017,3,11,PASAJERO_ACOMPAÑANTE,AUTO,MASCULINO,70
170,20170032,2017-03-12,2017,3,12,PASAJERO_ACOMPAÑANTE,AUTO,FEMENINO,40
171,20170033,2017-03-12,2017,3,12,CONDUCTOR,AUTO,MASCULINO,28
172,20170034,2017-03-13,2017,3,13,PEATON,PEATON,MASCULINO,43
173,20170035,2017-03-23,2017,3,23,CONDUCTOR,AUTO,MASCULINO,28
174,20170035,2017-03-23,2017,3,23,PASAJERO_ACOMPAÑANTE,AUTO,MASCULINO,32
175,20170035,2017-03-23,2017,3,23,PASAJERO_ACOMPAÑANTE,AUTO,MASCULINO,30
176,20170036,2017-03-29,2017,3,29,PASAJERO_ACOMPAÑANTE,MOTO,FEMENINO,SD
177,20170036,2017-03-29,2017,3,29,CONDUCTOR,MOTO,MASCULINO,20
178,20170037,2017-03-31,2017,3,31,CONDUCTOR,MOTO,MASCULINO,41
179,20170038,2017-04-01,2017,4,1,CONDUCTOR,MOTO,FEMENINO,40
180,20170040,2017-04-03,2017,4,3,CONDUCTOR,AUTO,MASCULINO,43
181,20170041,2017-04-03,2017,4,3,CONDUCTOR,MOTO,MASCULINO,17
182,20170042,2017-04-10,2017,4,10,CONDUCTOR,MOTO,MASCULINO,SD
183,20170045,2017-04-14,2017,4,14,CONDUCTOR,MOTO,MASCULINO,21
184,20170047,2017-04-23,2017,4,23,CONDUCTOR,MOTO,MASCULINO,37
185,20170049,2017-04-27,2017,4,27,PEATON,PEATON,MASCULINO,22
186,20170050,2017-04-28,2017,4,28,CONDUCTOR,MOTO,MASCULINO,46
187,20170050,2017-04-28,2017,4,28,PASAJERO_ACOMPAÑANTE,MOTO,MASCULINO,16
188,20170051,2017-05-01,2017,5,1,CONDUCTOR,AUTO,MASCULINO,33
189,20170052,2017-05-05,2017,5,5,PEATON,PEATON,FEMENINO,47
190,20170053,2017-05-05,2017,5,5,CONDUCTOR,MOTO,MASCULINO,28
191,20170054,2017-05-07,2017,5,7,PASAJERO_ACOMPAÑANTE,MOTO,FEMENINO,20
192,20170055,2017-05-09,2017,5,9,CONDUCTOR,AUTO,MASCULINO,32
193,20170058,2017-05-09,2017,5,9,PEATON,PEATON,MASCULINO,80
194,20170059,2017-05-11,2017,5,11,PEATON,PEATON,FEMENINO,39
195,20170060,2017-05-13,2017,5,13,PASAJERO_ACOMPAÑANTE,MOTO,MASCULINO,30
196,20170061,2017-05-15,2017,5,15,PEATON,PEATON,MASCULINO,47
197,20170062,2017-05-15,2017,5,15,CONDUCTOR,MOTO,MASCULINO,35
198,20170063,2017-05-17,2017,5,17,PEATON,PEATON,FEMENINO,79
199,20170064,2017-05-20,2017,5,20,PASAJERO_ACOMPAÑANTE,CARGAS,MASCULINO,61
200,20170065,2017-05-22,2017,5,22,CICLISTA,BICICLETA,MASCULINO,21
201,20170066,2017-05-22,2017,5,22,PEATON,PEATON,MASCULINO,10
202,20170067,2017-05-23,2017,5,23,CONDUCTOR,MOTO,MASCULINO,21
203,20170068,2017-05-27,2017,5,27,CONDUCTOR,MOTO,MASCULINO,32
204,20170069,2017-05-29,2017,5,29,CONDUCTOR,MOTO,MASCULINO,39
205,20170070,2017-05-30,2017,5,30,PEATON,PEATON,MASCULINO,80
206,20170072,2017-06-03,2017,6,3,CONDUCTOR,AUTO,MASCULINO,25
207,20170073,2017-06-04,2017,6,4,CONDUCTOR,MOTO,MASCULINO,19
208,20170074,2017-06-04,2017,6,4,SD,SD,MASCULINO,70
209,20170075,2017-06-12,2017,6,12,PEATON,PEATON,MASCULINO,55
210,20170076,2017-06-13,2017,6,13,PEATON,PEATON,FEMENINO,30
211,20170077,2017-06-17,2017,6,17,CONDUCTOR,MOTO,FEMENINO,60
212,20170079,2017-06-19,2017,6,19,CONDUCTOR,MOTO,MASCULINO,33
213,20170080,2017-06-22,2017,6,22,PEATON,PEATON,FEMENINO,95
214,20170082,2017-06-25,2017,6,25,PEATON,PEATON,MASCULINO,36
215,20170083,2017-07-04,2017,7,4,CONDUCTOR,MOTO,MASCULINO,37
216,20170084,2017-07-05,2017,7,5,PEATON,PEATON,FEMENINO,73
217,20170085,2017-07-07,2017,7,7,PEATON,PEATON,MASCULINO,84
218,20170086,2017-07-09,2017,7,9,PEATON,PEATON,FEMENINO,30
219,20170087,2017-07-10,2017,7,10,PEATON,PEATON,FEMENINO,73
220,20170088,2017-07-10,2017,7,10,PEATON,PEATON,MASCULINO,43
221,20170089,2017-07-13,2017,7,13,SD,SD,MASCULINO,23
222,20170090,2017-07-15,2017,7,15,PEATON,PEATON,MASCULINO,22
223,20170091,2017-07-15,2017,7,15,CONDUCTOR,MOTO,MASCULINO,58
224,20170092,2017-07-24,2017,7,24,PEATON,PEATON,MASCULINO,66
225,20170093,2017-07-25,2017,7,25,PEATON,PEATON,MASCULINO,SD
226,20170094,2017-07-27,2017,7,27,CICLISTA,BICICLETA,FEMENINO,56
227,20170095,2017-08-06,2017,8,6,CONDUCTOR,MOTO,MASCULINO,36
228,20170096,2017-08-07,2017,8,7,PEATON,PEATON,MASCULINO,87
229,20170098,2017-08-08,2017,8,8,PEATON,PEATON,FEMENINO,61
230,20170099,2017-08-17,2017,8,17,CICLISTA,BICICLETA,MASCULINO,28
231,20170100,2017-08-21,2017,8,21,PASAJERO_ACOMPAÑANTE,MOTO,FEMENINO,16
232,20170101,2017-08-23,2017,8,23,PEATON,PEATON,FEMENINO,61
233,20170102,2017-08-24,2017,8,24,PEATON,PEATON,MASCULINO,46
234,20170104,2017-08-25,2017,8,25,PEATON,PEATON,FEMENINO,18
235,20170106,2017-08-31,2017,8,31,PEATON,PEATON,FEMENINO,85
236,20170107,2017-09-01,2017,9,1,CONDUCTOR,MOTO,MASCULINO,41
237,20170108,2017-09-02,2017,9,2,PASAJERO_ACOMPAÑANTE,AUTO,MASCULINO,17
238,20170108,2017-09-02,2017,9,2,PASAJERO_ACOMPAÑANTE,AUTO,MASCULINO,10
239,20170109,2017-09-04,2017,9,4,CONDUCTOR,MOTO,MASCULINO,21
240,20170110,2017-09-06,2017,9,6,PEATON,PEATON,MASCULINO,56
241,20170111,2017-09-07,2017,9,7,PEATON,PEATON,FEMENINO,79
242,20170112,2017-09-10,2017,9,10,PASAJERO_ACOMPAÑANTE,AUTO,MASCULINO,1
243,20170112,2017-09-10,2017,9,10,PASAJERO_ACOMPAÑANTE,AUTO,MASCULINO,SD
244,20170113,2017-09-11,2017,9,11,PEATON,PEATON,FEMENINO,76
245,20170114,2017-09-15,2017,9,15,CONDUCTOR,AUTO,MASCULINO,26
246,20170115,2017-09-19,2017,9,19,CONDUCTOR,MOTO,MASCULINO,34
247,20170116,2017-09-20,2017,9,20,CONDUCTOR,MOTO,MASCULINO,22
248,20170118,2017-09-22,2017,9,22,PASAJERO_ACOMPAÑANTE,MOTO,FEMENINO,26
249,20170120,2017-10-02,2017,10,2,CONDUCTOR,MOTO,MASCULINO,20
250,20170123,2017-10-10,2017,10,10,PEATON,PEATON,FEMENINO,36
251,20170124,2017-10-12,2017,10,12,CONDUCTOR,MOTO,MASCULINO,51
252,20170125,2017-10-13,2017,10,13,CONDUCTOR,MOTO,MASCULINO,29
253,20170126,2017-10-14,2017,10,14,PASAJERO_ACOMPAÑANTE,AUTO,MASCULINO,39
254,20170126,2017-10-14,2017,10,14,CONDUCTOR,AUTO,MASCULINO,36
255,20170127,2017-10-16,2017,10,16,PASAJERO_ACOMPAÑANTE,MOTO,MASCULINO,24
256,20170128,2017-10-17,2017,10,17,PEATON,PEATON,FEMENINO,60
257,20170129,2017-10-26,2017,10,26,CONDUCTOR,MOTO,MASCULINO,57
258,20170130,2017-10-27,2017,10,27,CONDUCTOR,AUTO,MASCULINO,23
259,20170132,2017-10-30,2017,10,30,CONDUCTOR,MOTO,MASCULINO,23
260,20170134,2017-11-06,2017,11,6,PEATON,PEATON,FEMENINO,47
261,20170135,2017-11-07,2017,11,7,CONDUCTOR,MOTO,MASCULINO,24
262,20170136,2017-11-16,2017,11,16,PEATON,PEATON,MASCULINO,55
263,20170137,2017-11-17,2017,11,17,PEATON,PEATON,FEMENINO,60
264,20170138,2017-11-19,2017,11,19,PASAJERO_ACOMPAÑANTE,MOTO,MASCULINO,25
265,20170139,2017-11-19,2017,11,19,PASAJERO_ACOMPAÑANTE,AUTO,FEMENINO,15
266,20170140,2017-11-19,2017,11,19,CONDUCTOR,MOTO,MASCULINO,24
267,20170141,2017-11-23,2017,11,23,PEATON,PEATON,FEMENINO,22
268,20170143,2017-11-25,2017,11,25,CONDUCTOR,AUTO,MASCULINO,50
269,20170144,2017-11-26,2017,11,26,PASAJERO_ACOMPAÑANTE,AUTO,FEMENINO,50
270,20170145,2017-11-26,2017,11,26,CONDUCTOR,MOTO,MASCULINO,58
271,20170147,2017-11-28,2017,11,28,CONDUCTOR,MOTO,MASCULINO,49
272,20170148,2017-11-29,2017,11,29,PEATON,PEATON,FEMENINO,82
273,20170149,2017-11-30,2017,11,30,PEATON,PEATON,MASCULINO,13
274,20170150,2017-12-04,2017,12,4,PEATON,PEATON,MASCULINO,56
275,20170151,2017-12-04,2017,12,4,PEATON,PEATON,MASCULINO,SD
276,20170152,2017-12-06,2017,12,6,CICLISTA,BICICLETA,MASCULINO,19
277,20170153,2017-12-11,2017,12,11,PASAJERO_ACOMPAÑANTE,MOTO,MASCULINO,SD
278,20170153,2017-12-11,2017,12,11,CONDUCTOR,MOTO,MASCULINO,30
279,20170154,2017-12-11,2017,12,11,PEATON,PEATON,MASCULINO,76
280,20170155,2017-12-12,2017,12,12,SD,SD,MASCULINO,77
281,20170157,2017-12-17,2017,12,17,CONDUCTOR,AUTO,MASCULINO,53
282,20170158,2017-12-18,2017,12,18,CONDUCTOR,MOTO,MASCULINO,32
283,20170159,2017-12-20,2017,12,20,CONDUCTOR,MOTO,MASCULINO,27
284,20170160,2017-12-22,2017,12,22,PEATON,PEATON,FEMENINO,30
285,20170161,2017-12-26,2017,12,26,PEATON,PEATON,FEMENINO,30
286,20180001,2018-01-01,2018,1,1,PEATON,PEATON,MASCULINO,83
287,20180002,2018-01-03,2018,1,3,CICLISTA,BICICLETA,FEMENINO,26
288,20180003,2018-01-05,2018,1,5,PEATON,PEATON,FEMENINO,58
289,20180004,2018-01-09,2018,1,9,CONDUCTOR,MOTO,MASCULINO,39
290,20180005,2018-01-09,2018,1,9,PEATON,PEATON,MASCULINO,54
291,20180006,2018-01-10,2018,1,10,CICLISTA,BICICLETA,FEMENINO,45
292,20180007,2018-01-11,2018,1,11,CONDUCTOR,AUTO,MASCULINO,46
293,20180008,2018-01-12,2018,1,12,CONDUCTOR,MOTO,FEMENINO,32
294,20180009,2018-01-14,2018,1,14,CONDUCTOR,MOTO,MASCULINO,19
295,20180010,2018-01-18,2018,1,18,CONDUCTOR,MOTO,MASCULINO,40
296,20180011,2018-01-19,2018,1,19,PEATON,PEATON,MASCULINO,84
297,20180012,2018-01-26,2018,1,26,CONDUCTOR,MOTO,MASCULINO,20
298,20180013,2018-01-28,2018,1,28,CONDUCTOR,MOTO,MASCULINO,44
299,20180014,2018-01-31,2018,1,31,PEATON,PEATON,MASCULINO,SD
300,20180015,2018-02-06,2018,2,6,CONDUCTOR,MOTO,MASCULINO,28
301,20180015,2018-02-06,2018,2,6,PASAJERO_ACOMPAÑANTE,MOTO,MASCULINO,19
302,20180016,2018-02-15,2018,2,15,CONDUCTOR,MOTO,MASCULINO,31
303,20180017,2018-02-17,2018,2,17,PEATON,PEATON,MASCULINO,35
304,20180018,2018-02-17,2018,2,17,CONDUCTOR,MOTO,MASCULINO,26
305,20180019,2018-02-17,2018,2,17,PEATON,PEATON,FEMENINO,80
306,20180020,2018-02-19,2018,2,19,CONDUCTOR,MOTO,MASCULINO,26
307,20180021,2018-02-22,2018,2,22,PEATON,PEATON,FEMENINO,62
308,20180022,2018-02-24,2018,2,24,CONDUCTOR,MOTO,MASCULINO,28
309,20180023,2018-02-24,2018,2,24,CONDUCTOR,MOTO,MASCULINO,28
310,20180024,2018-02-28,2018,2,28,PEATON,PEATON,MASCULINO,70
311,20180025,2018-03-04,2018,3,4,PEATON,PEATON,MASCULINO,70
312,20180026,2018-03-09,2018,3,9,CONDUCTOR,MOVIL,MASCULINO,24
313,20180026,2018-03-09,2018,3,9,PASAJERO_ACOMPAÑANTE,MOVIL,MASCULINO,30
314,20180027,2018-03-11,2018,3,11,PEATON,PEATON,FEMENINO,74
315,20180028,2018-03-13,2018,3,13,PEATON,PEATON,MASCULINO,71
316,20180029,2018-03-15,2018,3,15,CONDUCTOR,MOTO,MASCULINO,26
317,20180030,2018-03-20,2018,3,20,CONDUCTOR,MOTO,MASCULINO,24
318,20180031,2018-03-28,2018,3,28,CONDUCTOR,MOTO,MASCULINO,31
319,20180032,2018-04-02,2018,4,2,PEATON,PEATON,MASCULINO,70
320,20180033,2018-04-07,2018,4,7,CONDUCTOR,MOTO,FEMENINO,42
321,20180034,2018-04-11,2018,4,11,PEATON,PEATON,MASCULINO,24
322,20180035,2018-04-12,2018,4,12,PEATON,PEATON,FEMENINO,39
323,20180036,2018-04-13,2018,4,13,CONDUCTOR,MOTO,MASCULINO,37
324,20180037,2018-04-18,2018,4,18,PEATON,PEATON,MASCULINO,84
325,20180038,2018-04-20,2018,4,20,PEATON,PEATON,FEMENINO,59
326,20180038,2018-04-20,2018,4,20,PEATON,PEATON,MASCULINO,61
327,20180039,2018-04-21,2018,4,21,PEATON,PEATON,MASCULINO,37
328,20180040,2018-04-27,2018,4,27,PEATON,PEATON,FEMENINO,SD
329,20180041,2018-04-27,2018,4,27,PEATON,PEATON,FEMENINO,78
330,20180042,2018-04-27,2018,4,27,PASAJERO_ACOMPAÑANTE,MOTO,MASCULINO,23
331,20180043,2018-04-28,2018,4,28,CONDUCTOR,MOTO,MASCULINO,25
332,20180044,2018-04-28,2018,4,28,PEATON,PEATON,FEMENINO,50
333,20180045,2018-04-30,2018,4,30,CONDUCTOR,AUTO,MASCULINO,60
334,20180046,2018-05-02,2018,5,2,PEATON,PEATON,MASCULINO,11
335,20180047,2018-05-08,2018,5,8,PEATON,PEATON,MASCULINO,82
336,20180048,2018-05-09,2018,5,9,PEATON,PEATON,MASCULINO,57
337,20180049,2018-05-11,2018,5,11,PEATON,PEATON,FEMENINO,40
338,20180050,2018-05-14,2018,5,14,PEATON,PEATON,FEMENINO,47
339,20180051,2018-05-15,2018,5,15,PEATON,PEATON,FEMENINO,57
340,20180052,2018-05-18,2018,5,18,PEATON,PEATON,MASCULINO,78
341,20180053,2018-05-20,2018,5,20,CONDUCTOR,MOTO,MASCULINO,43
342,20180054,2018-05-22,2018,5,22,PEATON,PEATON,FEMENINO,86
343,20180055,2018-05-29,2018,5,29,CONDUCTOR,MOTO,MASCULINO,21
344,20180056,2018-06-02,2018,6,2,PEATON,PEATON,FEMENINO,69
345,20180057,2018-06-03,2018,6,3,CONDUCTOR,MOTO,MASCULINO,33
346,20180058,2018-06-03,2018,6,3,CONDUCTOR,MOTO,MASCULINO,26
347,20180059,2018-06-08,2018,6,8,CONDUCTOR,MOTO,MASCULINO,54
348,20180060,2018-06-08,2018,6,8,PEATON,PEATON,MASCULINO,51
349,20180061,2018-06-10,2018,6,10,CONDUCTOR,MOTO,MASCULINO,51
350,20180062,2018-06-14,2018,6,14,PEATON,PEATON,MASCULINO,32
351,20180063,2018-06-16,2018,6,16,PEATON,PEATON,FEMENINO,28
352,20180064,2018-06-25,2018,6,25,CONDUCTOR,AUTO,MASCULINO,30
353,20180065,2018-06-26,2018,6,26,CONDUCTOR,MOTO,MASCULINO,35
354,20180066,2018-06-28,2018,6,28,PEATON,PEATON,MASCULINO,73
355,20180067,2018-06-29,2018,6,29,PASAJERO_ACOMPAÑANTE,PASAJEROS,FEMENINO,81
356,20180068,2018-07-01,2018,7,1,CONDUCTOR,MOTO,MASCULINO,21
357,20180069,2018-07-04,2018,7,4,CICLISTA,BICICLETA,MASCULINO,20
358,20180070,2018-07-07,2018,7,7,CONDUCTOR,MOTO,MASCULINO,33
359,20180071,2018-07-10,2018,7,10,CONDUCTOR,MOTO,MASCULINO,SD
360,20180072,2018-07-11,2018,7,11,CONDUCTOR,MOTO,MASCULINO,27
361,20180073,2018-07-11,2018,7,11,PEATON,PEATON,FEMENINO,67
362,20180074,2018-07-14,2018,7,14,CONDUCTOR,AUTO,MASCULINO,25
363,20180075,2018-07-15,2018,7,15,PEATON,PEATON,MASCULINO,23
364,20180076,2018-07-16,2018,7,16,CONDUCTOR,AUTO,MASCULINO,73
365,20180077,2018-07-16,2018,7,16,CONDUCTOR,AUTO,MASCULINO,58
366,20180078,2018-07-21,2018,7,21,PEATON,PEATON,MASCULINO,27
367,20180079,2018-07-23,2018,7,23,PEATON,PEATON,MASCULINO,SD
368,20180080,2018-07-25,2018,7,25,PEATON,PEATON,MASCULINO,26
369,20180081,2018-07-29,2018,7,29,PEATON,PEATON,MASCULINO,35
370,20180082,2018-08-01,2018,8,1,CONDUCTOR,MOTO,FEMENINO,17
371,20180083,2018-08-02,2018,8,2,CONDUCTOR,MOTO,MASCULINO,SD
372,20180084,2018-08-03,2018,8,3,PEATON,PEATON,MASCULINO,45
373,20180085,2018-08-03,2018,8,3,PASAJERO_ACOMPAÑANTE,MOTO,FEMENINO,22
374,20180085,2018-08-03,2018,8,3,CONDUCTOR,MOTO,MASCULINO,30
375,20180086,2018-08-10,2018,8,10,PEATON,PEATON,MASCULINO,40
376,20180087,2018-08-15,2018,8,15,PEATON,PEATON,MASCULINO,75
377,20180088,2018-08-17,2018,8,17,CONDUCTOR,MOTO,MASCULINO,SD
378,20180089,2018-08-17,2018,8,17,PEATON,PEATON,MASCULINO,80
379,20180090,2018-08-18,2018,8,18,CONDUCTOR,MOTO,MASCULINO,27
380,20180091,2018-08-19,2018,8,19,PASAJERO_ACOMPAÑANTE,AUTO,FEMENINO,23
381,20180092,2018-08-20,2018,8,20,CONDUCTOR,MOTO,MASCULINO,23
382,20180093,2018-08-20,2018,8,20,PEATON,PEATON,MASCULINO,24
383,20180094,2018-08-23,2018,8,23,CONDUCTOR,MOTO,MASCULINO,32
384,20180095,2018-08-26,2018,8,26,PASAJERO_ACOMPAÑANTE,AUTO,FEMENINO,49
385,20180096,2018-08-31,2018,8,31,PEATON,PEATON,MASCULINO,39
386,20180097,2018-09-02,2018,9,2,CONDUCTOR,AUTO,FEMENINO,35
387,20180098,2018-09-09,2018,9,9,CONDUCTOR,AUTO,MASCULINO,55
388,20180098,2018-09-09,2018,9,9,PASAJERO_ACOMPAÑANTE,AUTO,MASCULINO,54
389,20180099,2018-09-12,2018,9,12,PEATON,PEATON,MASCULINO,18
390,20180100,2018-09-20,2018,9,20,SD,MOTO,FEMENINO,33
391,20180101,2018-09-21,2018,9,21,CONDUCTOR,AUTO,MASCULINO,SD
392,20180102,2018-09-21,2018,9,21,CONDUCTOR,MOTO,MASCULINO,20
393,20180103,2018-09-27,2018,9,27,PEATON,PEATON,MASCULINO,1
394,20180104,2018-10-01,2018,10,1,CONDUCTOR,MOTO,MASCULINO,22
395,20180105,2018-10-03,2018,10,3,PEATON,PEATON,FEMENINO,56
396,20180106,2018-10-04,2018,10,4,CONDUCTOR,MOTO,MASCULINO,27
397,20180107,2018-10-06,2018,10,6,PEATON,PEATON,FEMENINO,62
398,20180108,2018-10-09,2018,10,9,CONDUCTOR,MOTO,MASCULINO,37
399,20180109,2018-10-10,2018,10,10,PEATON,PEATON,MASCULINO,34
400,20180110,2018-10-13,2018,10,13,PEATON,PEATON,MASCULINO,60
401,20180111,2018-10-19,2018,10,19,CONDUCTOR,MOTO,MASCULINO,28
402,20180112,2018-10-24,2018,10,24,CONDUCTOR,MOTO,FEMENINO,28
403,20180113,2018-10-25,2018,10,25,CONDUCTOR,MOTO,MASCULINO,20
404,20180114,2018-10-30,2018,10,30,CONDUCTOR,MOTO,MASCULINO,23
405,20180115,2018-10-31,2018,10,31,PEATON,PEATON,MASCULINO,42
406,20180116,2018-11-01,2018,11,1,PEATON,PEATON,MASCULINO,48
407,20180117,2018-11-04,2018,11,4,CONDUCTOR,MOTO,MASCULINO,30
408,20180118,2018-11-05,2018,11,5,PEATON,PEATON,FEMENINO,80
409,20180119,2018-11-05,2018,11,5,PEATON,PEATON,FEMENINO,32
410,20180120,2018-11-09,2018,11,9,PEATON,PEATON,FEMENINO,51
411,20180121,2018-11-09,2018,11,9,PEATON,PEATON,FEMENINO,72
412,20180122,2018-11-12,2018,11,12,CONDUCTOR,AUTO,MASCULINO,33
413,20180123,2018-11-12,2018,11,12,CONDUCTOR,AUTO,MASCULINO,25
414,20180124,2018-11-15,2018,11,15,CONDUCTOR,CARGAS,MASCULINO,44
415,20180125,2018-11-16,2018,11,16,PEATON,PEATON,MASCULINO,29
416,20180126,2018-11-18,2018,11,18,CONDUCTOR,MOTO,MASCULINO,27
417,20180127,2018-11-19,2018,11,19,CONDUCTOR,MOTO,MASCULINO,29
418,20180128,2018-11-25,2018,11,25,PASAJERO_ACOMPAÑANTE,AUTO,MASCULINO,49
419,20180128,2018-11-25,2018,11,25,PASAJERO_ACOMPAÑANTE,AUTO,FEMENINO,39
420,20180129,2018-11-28,2018,11,28,CONDUCTOR,MOTO,MASCULINO,37
421,20180130,2018-12-03,2018,12,3,CONDUCTOR,MOTO,MASCULINO,SD
422,20180131,2018-12-07,2018,12,7,CONDUCTOR,MOTO,MASCULINO,29
423,20180132,2018-12-12,2018,12,12,PEATON,PEATON,MASCULINO,70
424,20180133,2018-12-12,2018,12,12,PEATON,PEATON,FEMENINO,60
425,20180134,2018-12-12,2018,12,12,PEATON,PEATON,MASCULINO,56
426,20180135,2018-12-18,2018,12,18,PEATON,PEATON,MASCULINO,80
427,20180136,2018-12-18,2018,12,18,PEATON,PEATON,FEMENINO,70
428,20180137,2018-12-18,2018,12,18,PASAJERO_ACOMPAÑANTE,MOTO,MASCULINO,29
429,20180138,2018-12-21,2018,12,21,PASAJERO_ACOMPAÑANTE,PASAJEROS,FEMENINO,79
430,20180139,2018-12-22,2018,12,22,PASAJERO_ACOMPAÑANTE,MOTO,MASCULINO,28
431,20180140,2018-12-22,2018,12,22,CONDUCTOR,AUTO,MASCULINO,78
432,20180141,2018-12-22,2018,12,22,PEATON,PEATON,MASCULINO,75
433,20180142,2018-12-25,2018,12,25,PASAJERO_ACOMPAÑANTE,CARGAS,MASCULINO,32
434,20180143,2018-12-29,2018,12,29,CONDUCTOR,MOTO,MASCULINO,22
435,20190001,2019-01-08,2019,1,8,CONDUCTOR,MOTO,MASCULINO,25
436,20190002,2019-01-09,2019,1,9,CONDUCTOR,AUTO,MASCULINO,32
437,20190003,2019-01-12,2019,1,12,CONDUCTOR,MOTO,MASCULINO,23
438,20190004,2019-01-14,2019,1,14,CONDUCTOR,AUTO,MASCULINO,71
439,20190005,2019-01-19,2019,1,19,CONDUCTOR,MOTO,MASCULINO,43
440,20190006,2019-01-23,2019,1,23,PEATON,PEATON,FEMENINO,12
441,20190007,2019-01-26,2019,1,26,CONDUCTOR,MOTO,MASCULINO,35
442,20190008,2019-01-30,2019,1,30,CONDUCTOR,MOTO,MASCULINO,42
443,20190009,2019-01-31,2019,1,31,CONDUCTOR,MOTO,MASCULINO,34
444,20190010,2019-02-02,2019,2,2,PEATON,PEATON,MASCULINO,SD
445,20190010,2019-02-02,2019,2,2,PEATON,PEATON,MASCULINO,59
446,20190011,2019-02-10,2019,2,10,PEATON,PEATON,MASCULINO,SD
447,20190012,2019-02-17,2019,2,17,CONDUCTOR,MOTO,MASCULINO,31
448,20190013,2019-02-20,2019,2,20,PEATON,PEATON,MASCULINO,39
449,20190014,2019-02-20,2019,2,20,CONDUCTOR,MOTO,MASCULINO,69
450,20190015,2019-02-23,2019,2,23,CONDUCTOR,AUTO,MASCULINO,21
451,20190016,2019-02-24,2019,2,24,CONDUCTOR,MOTO,MASCULINO,40
452,20190017,2019-03-03,2019,3,3,CONDUCTOR,AUTO,MASCULINO,22
453,20190018,2019-03-03,2019,3,3,PEATON,PEATON,FEMENINO,29
454,20190019,2019-03-06,2019,3,6,CONDUCTOR,MOTO,MASCULINO,SD
455,20190020,2019-03-07,2019,3,7,CONDUCTOR,MOTO,MASCULINO,43
456,20190021,2019-03-15,2019,3,15,CONDUCTOR,MOTO,MASCULINO,23
457,20190022,2019-03-15,2019,3,15,PASAJERO_ACOMPAÑANTE,AUTO,MASCULINO,SD
458,20190023,2019-03-16,2019,3,16,CONDUCTOR,AUTO,MASCULINO,34
459,20190024,2019-03-19,2019,3,19,CONDUCTOR,MOTO,MASCULINO,32
460,20190025,2019-03-22,2019,3,22,PEATON,PEATON,MASCULINO,27
461,20190026,2019-03-28,2019,3,28,PEATON,PEATON,MASCULINO,SD
462,20190027,2019-03-28,2019,3,28,CICLISTA,BICICLETA,MASCULINO,37
463,20190028,2019-04-06,2019,4,6,PEATON,PEATON,FEMENINO,SD
464,20190029,2019-04-07,2019,4,7,CONDUCTOR,MOTO,MASCULINO,27
465,20190030,2019-04-09,2019,4,9,CONDUCTOR,MOTO,MASCULINO,25
466,20190031,2019-04-12,2019,4,12,CICLISTA,BICICLETA,MASCULINO,20
467,20190032,2019-04-16,2019,4,16,PEATON,PEATON,FEMENINO,83
468,20190033,2019-04-18,2019,4,18,CONDUCTOR,MOTO,MASCULINO,25
469,20190034,2019-04-21,2019,4,21,CONDUCTOR,MOTO,MASCULINO,SD
470,20190035,2019-04-23,2019,4,23,PEATON,PEATON,FEMENINO,75
471,20190036,2019-04-26,2019,4,26,CONDUCTOR,MOTO,MASCULINO,34
472,20190037,2019-05-01,2019,5,1,CONDUCTOR,MOTO,MASCULINO,17
473,20190038,2019-05-04,2019,5,4,PEATON,PEATON,FEMENINO,42
474,20190105,2019-05-05,2019,5,5,PEATON,PEATON,FEMENINO,82
475,20190039,2019-05-09,2019,5,9,CONDUCTOR,MOTO,MASCULINO,28
476,20190040,2019-05-09,2019,5,9,CONDUCTOR,MOTO,MASCULINO,44
477,20190041,2019-05-11,2019,5,11,PASAJERO_ACOMPAÑANTE,AUTO,FEMENINO,78
478,20190042,2019-05-14,2019,5,14,PEATON,PEATON,MASCULINO,39
479,20190043,2019-05-21,2019,5,21,CICLISTA,BICICLETA,FEMENINO,SD
480,20190044,2019-05-27,2019,5,27,PEATON,PEATON,FEMENINO,77
481,20190045,2019-06-03,2019,6,3,CONDUCTOR,MOTO,MASCULINO,33
482,20190046,2019-06-04,2019,6,4,PASAJERO_ACOMPAÑANTE,MOTO,FEMENINO,26
483,20190047,2019-06-06,2019,6,6,PEATON,PEATON,MASCULINO,76
484,20190048,2019-06-07,2019,6,7,CONDUCTOR,MOTO,MASCULINO,32
485,20190049,2019-06-08,2019,6,8,PEATON,PEATON,FEMENINO,72
486,20190050,2019-06-08,2019,6,8,CONDUCTOR,MOTO,MASCULINO,21
487,20190051,2019-06-11,2019,6,11,CONDUCTOR,MOTO,MASCULINO,41
488,20190053,2019-06-14,2019,6,14,PASAJERO_ACOMPAÑANTE,AUTO,MASCULINO,49
489,20190054,2019-06-20,2019,6,20,CONDUCTOR,MOTO,MASCULINO,21
490,20190055,2019-06-20,2019,6,20,CONDUCTOR,MOTO,MASCULINO,47
491,20190056,2019-06-29,2019,6,29,PEATON,PEATON,FEMENINO,75
492,20190057,2019-07-05,2019,7,5,PEATON,PEATON,FEMENINO,63
493,20190058,2019-07-10,2019,7,10,CONDUCTOR,MOTO,MASCULINO,39
494,20190059,2019-07-13,2019,7,13,CONDUCTOR,MOTO,MASCULINO,30
495,20190060,2019-07-17,2019,7,17,PEATON,PEATON,FEMENINO,78
496,20190061,2019-07-17,2019,7,17,PEATON,PEATON,FEMENINO,58
497,20190062,2019-08-01,2019,8,1,PEATON,PEATON,FEMENINO,60
498,20190063,2019-08-04,2019,8,4,PASAJERO_ACOMPAÑANTE,MOTO,MASCULINO,SD
499,20190064,2019-08-06,2019,8,6,CONDUCTOR,MOTO,MASCULINO,20
500,20190065,2019-08-08,2019,8,8,PEATON,PEATON,FEMENINO,55
501,20190066,2019-08-11,2019,8,11,PEATON,PEATON,MASCULINO,40
502,20190067,2019-08-14,2019,8,14,CONDUCTOR,MOTO,MASCULINO,35
503,20190068,2019-08-14,2019,8,14,CONDUCTOR,MOTO,MASCULINO,53
504,20190069,2019-08-17,2019,8,17,CONDUCTOR,MOTO,MASCULINO,43
505,20190070,2019-08-22,2019,8,22,CONDUCTOR,MOTO,MASCULINO,25
506,20190071,2019-08-27,2019,8,27,PEATON,PEATON,MASCULINO,SD
507,20190072,2019-08-28,2019,8,28,CONDUCTOR,AUTO,MASCULINO,22
508,20190073,2019-08-29,2019,8,29,CONDUCTOR,AUTO,MASCULINO,29
509,20190074,2019-08-29,2019,8,29,CONDUCTOR,MOTO,MASCULINO,35
510,20190075,2019-08-30,2019,8,30,CONDUCTOR,MOTO,MASCULINO,31
511,20190076,2019-09-05,2019,9,5,CONDUCTOR,MOTO,FEMENINO,29
512,20190077,2019-09-08,2019,9,8,PEATON,PEATON,FEMENINO,28
513,20190078,2019-09-12,2019,9,12,PEATON,PEATON,FEMENINO,72
514,20190079,2019-09-17,2019,9,17,CONDUCTOR,MOTO,MASCULINO,57
515,20190080,2019-09-17,2019,9,17,PEATON,PEATON,MASCULINO,76
516,20190081,2019-09-23,2019,9,23,PEATON,PEATON,MASCULINO,67
517,20190082,2019-09-25,2019,9,25,CICLISTA,BICICLETA,MASCULINO,47
518,20190083,2019-09-26,2019,9,26,CONDUCTOR,AUTO,MASCULINO,73
519,20190084,2019-09-27,2019,9,27,CICLISTA,BICICLETA,FEMENINO,40
520,20190085,2019-10-09,2019,10,9,CICLISTA,BICICLETA,MASCULINO,20
521,20190086,2019-10-15,2019,10,15,CONDUCTOR,MOTO,MASCULINO,29
522,20190087,2019-10-21,2019,10,21,CONDUCTOR,MOTO,MASCULINO,41
523,20190088,2019-10-22,2019,10,22,PEATON,PEATON,MASCULINO,27
524,20190089,2019-10-23,2019,10,23,PEATON,PEATON,FEMENINO,92
525,20190090,2019-10-24,2019,10,24,PEATON,PEATON,MASCULINO,67
526,20190091,2019-11-01,2019,11,1,PEATON,PEATON,MASCULINO,35
527,20190092,2019-11-03,2019,11,3,PEATON,PEATON,MASCULINO,37
528,20190093,2019-11-13,2019,11,13,CICLISTA,BICICLETA,MASCULINO,16
529,20190094,2019-11-18,2019,11,18,PASAJERO_ACOMPAÑANTE,MOTO,FEMENINO,SD
530,20190095,2019-11-20,2019,11,20,CONDUCTOR,MOTO,MASCULINO,SD
531,20190096,2019-11-22,2019,11,22,PEATON,PEATON,MASCULINO,73
532,20190097,2019-11-25,2019,11,25,PASAJERO_ACOMPAÑANTE,MOTO,FEMENINO,23
533,20190098,2019-11-25,2019,11,25,PASAJERO_ACOMPAÑANTE,PASAJEROS,FEMENINO,61
534,20190100,2019-12-05,2019,12,5,CONDUCTOR,MOTO,MASCULINO,38
535,20190101,2019-12-17,2019,12,17,CONDUCTOR,MOTO,MASCULINO,25
536,20190102,2019-12-17,2019,12,17,CONDUCTOR,MOTO,MASCULINO,18
537,20190103,2019-12-18,2019,12,18,CONDUCTOR,MOTO,MASCULINO,24
538,20190104,2019-12-21,2019,12,21,PASAJERO_ACOMPAÑANTE,MOTO,FEMENINO,23
539,20200001,2020-01-04,2020,1,4,PEATON,PEATON,FEMENINO,87
540,20200002,2020-01-05,2020,1,5,CONDUCTOR,MOTO,MASCULINO,36
541,20200003,2020-01-11,2020,1,11,PEATON,PEATON,MASCULINO,44
542,20200004,2020-01-14,2020,1,14,PEATON,PEATON,MASCULINO,82
543,20200005,2020-01-14,2020,1,14,CONDUCTOR,MOTO,MASCULINO,25
544,20200006,2020-01-20,2020,1,20,CONDUCTOR,MOTO,MASCULINO,23
545,20200007,2020-01-27,2020,1,27,PEATON,PEATON,MASCULINO,52
546,20200008,2020-01-30,2020,1,30,CONDUCTOR,MOTO,MASCULINO,49
547,20200009,2020-02-04,2020,2,4,PEATON,PEATON,MASCULINO,48
548,20200010,2020-02-08,2020,2,8,CONDUCTOR,MOTO,MASCULINO,SD
549,20200011,2020-02-12,2020,2,12,CONDUCTOR,MOTO,MASCULINO,31
550,20200012,2020-02-18,2020,2,18,PEATON,PEATON,FEMENINO,66
551,20200013,2020-02-20,2020,2,20,PEATON,PEATON,FEMENINO,58
552,20200014,2020-02-27,2020,2,27,CONDUCTOR,MOTO,MASCULINO,SD
553,20200015,2020-02-28,2020,2,28,CONDUCTOR,MOTO,MASCULINO,29
554,20200016,2020-02-29,2020,2,29,PEATON,PEATON,MASCULINO,68
555,20200017,2020-03-05,2020,3,5,PEATON,PEATON,MASCULINO,SD
556,20200018,2020-03-09,2020,3,9,CONDUCTOR,MOTO,MASCULINO,31
557,20200019,2020-03-10,2020,3,10,PEATON,PEATON,FEMENINO,80
558,20200020,2020-03-13,2020,3,13,PEATON,PEATON,FEMENINO,74
559,20200021,2020-03-14,2020,3,14,PEATON,PEATON,FEMENINO,87
560,20200022,2020-04-07,2020,4,7,PASAJERO_ACOMPAÑANTE,AUTO,MASCULINO,44
561,20200023,2020-04-09,2020,4,9,CONDUCTOR,AUTO,MASCULINO,44
562,20200024,2020-04-24,2020,4,24,CONDUCTOR,AUTO,MASCULINO,53
563,20200025,2020-05-12,2020,5,12,PEATON,PEATON,MASCULINO,SD
564,20200026,2020-05-17,2020,5,17,CONDUCTOR,MOTO,MASCULINO,28
565,20200027,2020-05-18,2020,5,18,PEATON,PEATON,MASCULINO,76
566,20200028,2020-05-19,2020,5,19,PEATON,PEATON,MASCULINO,91
567,20200029,2020-06-10,2020,6,10,PEATON,PEATON,MASCULINO,80
568,20200030,2020-06-16,2020,6,16,CONDUCTOR,MOTO,MASCULINO,40
569,20200031,2020-06-30,2020,6,30,CONDUCTOR,MOTO,MASCULINO,29
570,20200032,2020-07-10,2020,7,10,CONDUCTOR,MOTO,MASCULINO,21
571,20200033,2020-07-19,2020,7,19,CONDUCTOR,AUTO,MASCULINO,32
572,20200034,2020-08-02,2020,8,2,PEATON,PEATON,FEMENINO,SD
573,20200035,2020-08-04,2020,8,4,CONDUCTOR,MOTO,MASCULINO,40
574,20200036,2020-08-07,2020,8,7,PEATON,PEATON,MASCULINO,72
575,20200037,2020-08-29,2020,8,29,PEATON,PEATON,MASCULINO,38
576,20200038,2020-08-30,2020,8,30,CONDUCTOR,AUTO,MASCULINO,46
577,20200038,2020-08-30,2020,8,30,CONDUCTOR,AUTO,MASCULINO,64
578,20200039,2020-09-01,2020,9,1,PEATON,PEATON,MASCULINO,44
579,20200040,2020-09-12,2020,9,12,CONDUCTOR,AUTO,MASCULINO,SD
580,20200041,2020-09-28,2020,9,28,CONDUCTOR,MOTO,MASCULINO,34
581,20200042,2020-09-29,2020,9,29,PEATON,PEATON,FEMENINO,53
582,20200043,2020-09-30,2020,9,30,PEATON,PEATON,MASCULINO,64
583,20200044,2020-10-05,2020,10,5,CONDUCTOR,AUTO,MASCULINO,43
584,20200045,2020-10-19,2020,10,19,CONDUCTOR,AUTO,MASCULINO,50
585,20200046,2020-10-27,2020,10,27,CONDUCTOR,MOTO,MASCULINO,41
586,20200047,2020-10-27,2020,10,27,PEATON,PEATON,MASCULINO,15
587,20200048,2020-10-29,2020,10,29,CONDUCTOR,MOTO,MASCULINO,41
588,20200049,2020-10-30,2020,10,30,PEATON,PEATON,MASCULINO,36
589,20200050,2020-11-01,2020,11,1,PEATON,PEATON,FEMENINO,28
590,20200051,2020-11-05,2020,11,5,CONDUCTOR,MOTO,MASCULINO,49
591,20200052,2020-11-07,2020,11,7,CICLISTA,BICICLETA,MASCULINO,44
592,20200053,2020-11-09,2020,11,9,PASAJERO_ACOMPAÑANTE,AUTO,MASCULINO,27
593,20200054,2020-11-19,2020,11,19,CICLISTA,BICICLETA,MASCULINO,59
594,20200055,2020-11-19,2020,11,19,PEATON,PEATON,MASCULINO,91
595,20200056,2020-11-21,2020,11,21,CONDUCTOR,MOTO,FEMENINO,34
596,20200057,2020-11-23,2020,11,23,PEATON,PEATON,MASCULINO,84
597,20200058,2020-11-24,2020,11,24,PEATON,PEATON,MASCULINO,57
598,20200059,2020-12-01,2020,12,1,PEATON,PEATON,FEMENINO,49
599,20200060,2020-12-03,2020,12,3,PEATON,PEATON,FEMENINO,69
600,20200061,2020-12-03,2020,12,3,CONDUCTOR,MOTO,MASCULINO,45
601,20200062,2020-12-04,2020,12,4,CICLISTA,BICICLETA,MASCULINO,47
602,20200063,2020-12-05,2020,12,5,PEATON,PEATON,MASCULINO,38
603,20200063,2020-12-05,2020,12,5,PASAJERO_ACOMPAÑANTE,MOTO,MASCULINO,21
604,20200065,2020-12-05,2020,12,5,CONDUCTOR,MOTO,MASCULINO,24
605,20200066,2020-12-07,2020,12,7,CONDUCTOR,MOTO,MASCULINO,27
606,20200067,2020-12-11,2020,12,11,PEATON,PEATON,MASCULINO,51
607,20200068,2020-12-12,2020,12,12,CONDUCTOR,MOTO,MASCULINO,71
608,20200069,2020-12-15,2020,12,15,PASAJERO_ACOMPAÑANTE,MOTO,MASCULINO,25
609,20200070,2020-12-17,2020,12,17,PEATON,PEATON,FEMENINO,81
610,20200071,2020-12-17,2020,12,17,PEATON,PEATON,MASCULINO,4
611,20200072,2020-12-19,2020,12,19,CICLISTA,BICICLETA,MASCULINO,42
612,20200073,2020-12-20,2020,12,20,CONDUCTOR,MOTO,MASCULINO,56
613,20200074,2020-12-20,2020,12,20,CONDUCTOR,AUTO,MASCULINO,39
614,20200075,2020-12-23,2020,12,23,PEATON,PEATON,MASCULINO,23
615,20200076,2020-12-24,2020,12,24,CONDUCTOR,AUTO,FEMENINO,78
616,20200077,2020-12-25,2020,12,25,CONDUCTOR,MOTO,FEMENINO,30
617,20200077,2020-12-25,2020,12,25,PASAJERO_ACOMPAÑANTE,MOTO,FEMENINO,24
618,20200078,2020-12-25,2020,12,25,CICLISTA,BICICLETA,MASCULINO,26
619,20200079,2020-12-27,2020,12,27,CONDUCTOR,MOTO,MASCULINO,28
620,20210001,2021-01-06,2021,1,6,CONDUCTOR,MOTO,MASCULINO,36
621,20210002,2021-01-07,2021,1,7,CONDUCTOR,MOTO,FEMENINO,47
622,20210003,2021-01-10,2021,1,10,CONDUCTOR,MOTO,MASCULINO,27
623,20210004,2021-01-11,2021,1,11,PEATON,PEATON,FEMENINO,61
624,20210005,2021-01-11,2021,1,11,PEATON,PEATON,MASCULINO,73
625,20210006,2021-01-12,2021,1,12,PASAJERO_ACOMPAÑANTE,MOTO,FEMENINO,23
626,20210007,2021-01-18,2021,1,18,CONDUCTOR,MOTO,MASCULINO,84
627,20210008,2021-01-22,2021,1,22,PEATON,PEATON,MASCULINO,28
628,20210009,2021-01-23,2021,1,23,CONDUCTOR,MOTO,MASCULINO,31
629,20210010,2021-01-23,2021,1,23,CONDUCTOR,MOTO,MASCULINO,28
630,20210011,2021-01-27,2021,1,27,PEATON,PEATON,MASCULINO,21
631,20210012,2021-01-29,2021,1,29,PEATON,PEATON,MASCULINO,SD
632,20210013,2021-01-31,2021,1,31,CONDUCTOR,MOTO,MASCULINO,41
633,20210014,2021-02-02,2021,2,2,PEATON,PEATON,MASCULINO,28
634,20210015,2021-02-06,2021,2,6,CONDUCTOR,MOTO,MASCULINO,26
635,20210016,2021-02-14,2021,2,14,CONDUCTOR,AUTO,MASCULINO,22
636,20210017,2021-02-17,2021,2,17,CONDUCTOR,MOTO,MASCULINO,33
637,20210018,2021-02-20,2021,2,20,PEATON,PEATON,MASCULINO,36
638,20210019,2021-02-21,2021,2,21,CONDUCTOR,MOTO,MASCULINO,30
639,20210020,2021-02-21,2021,2,21,PEATON,PEATON,FEMENINO,SD
640,20210021,2021-02-26,2021,2,26,CONDUCTOR,MOTO,MASCULINO,39
641,20210022,2021-02-28,2021,2,28,PASAJERO_ACOMPAÑANTE,PASAJEROS,MASCULINO,68
642,20210023,2021-03-01,2021,3,1,CONDUCTOR,MOTO,MASCULINO,24
643,20210024,2021-03-03,2021,3,3,CICLISTA,BICICLETA,MASCULINO,5
644,20210025,2021-03-11,2021,3,11,CONDUCTOR,MOTO,MASCULINO,37
645,20210026,2021-03-15,2021,3,15,CONDUCTOR,MOTO,MASCULINO,36
646,20210027,2021-03-16,2021,3,16,CONDUCTOR,MOTO,FEMENINO,19
647,20210028,2021-03-29,2021,3,29,PEATON,PEATON,MASCULINO,SD
648,20210029,2021-03-31,2021,3,31,CONDUCTOR,AUTO,MASCULINO,26
649,20210030,2021-04-03,2021,4,3,PEATON,PEATON,MASCULINO,36
650,20210031,2021-04-07,2021,4,7,PEATON,PEATON,FEMENINO,68
651,20210032,2021-04-10,2021,4,10,PEATON,PEATON,MASCULINO,60
652,20210033,2021-04-14,2021,4,14,CONDUCTOR,AUTO,MASCULINO,33
653,20210034,2021-04-19,2021,4,19,PASAJERO_ACOMPAÑANTE,MOTO,FEMENINO,26
654,20210035,2021-05-03,2021,5,3,CONDUCTOR,MOTO,MASCULINO,24
655,20210036,2021-05-09,2021,5,9,CONDUCTOR,MOTO,MASCULINO,36
656,20210037,2021-05-11,2021,5,11,PEATON,PEATON,FEMENINO,58
657,20210038,2021-05-14,2021,5,14,CONDUCTOR,MOTO,FEMENINO,44
658,20210039,2021-05-15,2021,5,15,CICLISTA,BICICLETA,MASCULINO,86
659,20210040,2021-05-20,2021,5,20,CONDUCTOR,MOTO,MASCULINO,27
660,20210041,2021-05-20,2021,5,20,PEATON,PEATON,MASCULINO,75
661,20210042,2021-05-21,2021,5,21,PEATON,PEATON,MASCULINO,39
662,20210043,2021-05-22,2021,5,22,PEATON,PEATON,MASCULINO,50
663,20210044,2021-05-25,2021,5,25,PASAJERO_ACOMPAÑANTE,MOTO,MASCULINO,21
664,20210045,2021-05-26,2021,5,26,CONDUCTOR,MOTO,MASCULINO,22
665,20210046,2021-05-31,2021,5,31,PASAJERO_ACOMPAÑANTE,AUTO,MASCULINO,20
666,20210047,2021-06-02,2021,6,2,CONDUCTOR,MOTO,MASCULINO,59
667,20210048,2021-06-03,2021,6,3,CICLISTA,BICICLETA,MASCULINO,44
668,20210049,2021-06-03,2021,6,3,CONDUCTOR,AUTO,MASCULINO,74
669,20210050,2021-06-10,2021,6,10,CONDUCTOR,MOTO,MASCULINO,56
670,20210051,2021-06-15,2021,6,15,PEATON,PEATON,MASCULINO,73
671,20210052,2021-06-20,2021,6,20,PASAJERO_ACOMPAÑANTE,MOTO,FEMENINO,19
672,20210053,2021-06-20,2021,6,20,PEATON,PEATON,MASCULINO,58
673,20210054,2021-06-22,2021,6,22,CONDUCTOR,MOTO,MASCULINO,41
674,20210055,2021-06-29,2021,6,29,PASAJERO_ACOMPAÑANTE,MOTO,MASCULINO,47
675,20210056,2021-07-09,2021,7,9,CICLISTA,BICICLETA,MASCULINO,60
676,20210057,2021-07-10,2021,7,10,CONDUCTOR,AUTO,MASCULINO,46
677,20210058,2021-07-21,2021,7,21,PEATON,PEATON,MASCULINO,24
678,20210059,2021-07-22,2021,7,22,PASAJERO_ACOMPAÑANTE,AUTO,FEMENINO,44
679,20210060,2021-07-22,2021,7,22,PEATON,PEATON,FEMENINO,80
680,20210061,2021-07-24,2021,7,24,PEATON,PEATON,FEMENINO,55
681,20210062,2021-07-27,2021,7,27,CONDUCTOR,AUTO,MASCULINO,73
682,20210063,2021-08-02,2021,8,2,PASAJERO_ACOMPAÑANTE,AUTO,FEMENINO,31
683,20210064,2021-08-02,2021,8,2,PEATON,PEATON,MASCULINO,37
684,20210065,2021-08-06,2021,8,6,PEATON,PEATON,FEMENINO,63
685,20210066,2021-08-06,2021,8,6,PEATON,PEATON,MASCULINO,59
686,20210067,2021-08-08,2021,8,8,CONDUCTOR,MOTO,MASCULINO,27
687,20210068,2021-08-15,2021,8,15,CONDUCTOR,MOTO,MASCULINO,39
688,20210069,2021-08-20,2021,8,20,PEATON,PEATON,MASCULINO,17
689,20210070,2021-08-28,2021,8,28,CONDUCTOR,MOTO,MASCULINO,31
690,20210071,2021-08-31,2021,8,31,PEATON,PEATON,MASCULINO,88
691,20210072,2021-09-01,2021,9,1,PEATON,PEATON,FEMENINO,57
692,20210073,2021-09-18,2021,9,18,CICLISTA,BICICLETA,FEMENINO,76
693,20210074,2021-09-20,2021,9,20,CONDUCTOR,MOTO,MASCULINO,55
694,20210075,2021-09-21,2021,9,21,PEATON,PEATON,MASCULINO,65
695,20210076,2021-10-16,2021,10,16,CONDUCTOR,MOTO,MASCULINO,31
696,20210077,2021-10-18,2021,10,18,CONDUCTOR,MOTO,FEMENINO,31
697,20210078,2021-10-23,2021,10,23,CONDUCTOR,MOTO,MASCULINO,22
698,20210079,2021-10-25,2021,10,25,PEATON,PEATON,MASCULINO,SD
699,20210080,2021-10-28,2021,10,28,CONDUCTOR,MOTO,MASCULINO,32
700,20210081,2021-11-02,2021,11,2,CONDUCTOR,MOTO,MASCULINO,26
701,20210082,2021-11-06,2021,11,6,CONDUCTOR,MOTO,MASCULINO,38
702,20210083,2021-11-09,2021,11,9,CONDUCTOR,MOTO,MASCULINO,30
703,20210084,2021-11-11,2021,11,11,CONDUCTOR,AUTO,MASCULINO,32
704,20210097,2021-11-18,2021,11,18,CICLISTA,BICICLETA,MASCULINO,53
705,20210085,2021-11-20,2021,11,20,CONDUCTOR,MOTO,MASCULINO,49
706,20210086,2021-11-25,2021,11,25,PEATON,PEATON,MASCULINO,75
707,20210087,2021-11-27,2021,11,27,PEATON,PEATON,FEMENINO,73
708,20210088,2021-12-01,2021,12,1,CONDUCTOR,MOTO,MASCULINO,45
709,20210089,2021-12-02,2021,12,2,CONDUCTOR,MOTO,MASCULINO,41
710,20210090,2021-12-10,2021,12,10,PEATON,PEATON,MASCULINO,73
711,20210091,2021-12-11,2021,12,11,CONDUCTOR,MOTO,MASCULINO,24
712,20210092,2021-12-12,2021,12,12,PEATON,PEATON,FEMENINO,50
713,20210093,2021-12-13,2021,12,13,PASAJERO_ACOMPAÑANTE,MOTO,FEMENINO,18
714,20210094,2021-12-20,2021,12,20,PASAJERO_ACOMPAÑANTE,MOTO,FEMENINO,43
715,20210095,2021-12-30,2021,12,30,CONDUCTOR,MOTO,MASCULINO,27
716,20210096,2021-12-15,2021,12,15,CONDUCTOR,AUTO,MASCULINO,60
